Workbook

Sheet Mobile Form
A1: RIMSTACKLE · BORANG PRODUK
A2: Isi ruang kuning. Product ID akan dijana automatik selepas Tempat, Brand dan Nombor ID diisi.
A4: Medan | B4: Isi | C4: Nota
A5: Product ID | B5: =IF(OR(B6="",B9="",B8=""),"",UPPER(B6)&"-"&UPPER(B9)&"-"&B8) -> TKY03-SHI-0125 | C5: Auto daripada tempat + brand + nombor
A6: Kod tempat / bahagian | B6: TKY03 | C6: Contoh: TKY03
A7: Brand | B7: Shimano | C7: Pilih daripada senarai
A8: Nombor ID | B8: 0125 | C8: Isi nombor manual
A9: Short form brand | B9: =IFERROR(VLOOKUP(B7,Config!$A$2:$B$8,2,FALSE),"") -> SHI | C9: Auto daripada Config
A10: Model | B10: Antares DC MD | C10: Nama model
A11: Kategori | B11: Reel | C11: Pilih kategori
A12: Harga jualan (RM) | B12: 1850 | C12: Nombor sahaja
A13: Kedai | B13: Kedai Shibuya | C13: Pilih kedai
A14: Subtajuk | B14: Baitcasting · Pemegang kanan | C14: Paparan ringkas pada card
A15: Harga kedai Jepun (¥) | C15: Pilihan
A16: Kondisi | B16: Terpakai | C16: Pilih kondisi
A17: Skor kondisi | B17: 8 | C17: 1 hingga 10
A18: Status | B18: AVAILABLE | C18: Pilih status
A19: Weekly Drop | B19: drop-0007 | C19: ID drop
A20: Butiran produk | B20: Contoh produk untuk rujukan. | C20: Penerangan panjang
A21: Gambar | C21: URL gambar, pisahkan dengan |
A23: Untuk import banyak produk, guna sheet Bulk Import. Selepas siap, simpan sheet itu sebagai CSV UTF-8.

Sheet Bulk Import
A1: RIMSTACKLE · TEMPLATE IMPORT PRODUK
A2: Isi ruang kuning. Product ID dijana automatik daripada Kod tempat + Short form brand + Nombor ID. Jangan ubah nama header.
A4: product_id | B4: location_code | C4: brand | D4: brand_code | E4: id_number | F4: model | G4: category | H4: price | I4: store | J4: subtitle | K4: japan_price | L4: condition | M4: grade | N4: status | O4: drop_id | P4: description | Q4: images
A5: =IF(OR(B5="",D5="",E5=""),"",UPPER(B5)&"-"&UPPER(D5)&"-"&E5) -> TKY03-SHI-0125 | B5: TKY03 | C5: Shimano | D5: =IFERROR(VLOOKUP(C5,Config!$A$2:$B$8,2,FALSE),"") -> SHI | E5: 0125 | F5: Antares DC MD | G5: Reel | H5: 1850 | I5: Kedai Shibuya | J5: Baitcasting · Pemegang kanan | L5: Terpakai | M5: 8 | N5: AVAILABLE | O5: drop-0007 | P5: Contoh produk untuk rujukan.
A6: =IF(OR(B6="",D6="",E6=""),"",UPPER(B6)&"-"&UPPER(D6)&"-"&E6) | D6: =IFERROR(VLOOKUP(C6,Config!$A$2:$B$8,2,FALSE),"")
A7: =IF(OR(B7="",D7="",E7=""),"",UPPER(B7)&"-"&UPPER(D7)&"-"&E7) | D7: =IFERROR(VLOOKUP(C7,Config!$A$2:$B$8,2,FALSE),"")
A8: =IF(OR(B8="",D8="",E8=""),"",UPPER(B8)&"-"&UPPER(D8)&"-"&E8) | D8: =IFERROR(VLOOKUP(C8,Config!$A$2:$B$8,2,FALSE),"")
A9: =IF(OR(B9="",D9="",E9=""),"",UPPER(B9)&"-"&UPPER(D9)&"-"&E9) | D9: =IFERROR(VLOOKUP(C9,Config!$A$2:$B$8,2,FALSE),"")
A10: =IF(OR(B10="",D10="",E10=""),"",UPPER(B10)&"-"&UPPER(D10)&"-"&E10) | D10: =IFERROR(VLOOKUP(C10,Config!$A$2:$B$8,2,FALSE),"")
A11: =IF(OR(B11="",D11="",E11=""),"",UPPER(B11)&"-"&UPPER(D11)&"-"&E11) | D11: =IFERROR(VLOOKUP(C11,Config!$A$2:$B$8,2,FALSE),"")
A12: =IF(OR(B12="",D12="",E12=""),"",UPPER(B12)&"-"&UPPER(D12)&"-"&E12) | D12: =IFERROR(VLOOKUP(C12,Config!$A$2:$B$8,2,FALSE),"")
A13: =IF(OR(B13="",D13="",E13=""),"",UPPER(B13)&"-"&UPPER(D13)&"-"&E13) | D13: =IFERROR(VLOOKUP(C13,Config!$A$2:$B$8,2,FALSE),"")
A14: =IF(OR(B14="",D14="",E14=""),"",UPPER(B14)&"-"&UPPER(D14)&"-"&E14) | D14: =IFERROR(VLOOKUP(C14,Config!$A$2:$B$8,2,FALSE),"")
A15: =IF(OR(B15="",D15="",E15=""),"",UPPER(B15)&"-"&UPPER(D15)&"-"&E15) | D15: =IFERROR(VLOOKUP(C15,Config!$A$2:$B$8,2,FALSE),"")
A16: =IF(OR(B16="",D16="",E16=""),"",UPPER(B16)&"-"&UPPER(D16)&"-"&E16) | D16: =IFERROR(VLOOKUP(C16,Config!$A$2:$B$8,2,FALSE),"")
A17: =IF(OR(B17="",D17="",E17=""),"",UPPER(B17)&"-"&UPPER(D17)&"-"&E17) | D17: =IFERROR(VLOOKUP(C17,Config!$A$2:$B$8,2,FALSE),"")
... A105: =IF(OR(B105="",D105="",E105=""),"",UPPER(B105)&"-"&UPPER(D105)&"-"&E105) | D105: =IFERROR(VLOOKUP(C105,Config!$A$2:$B$8,2,FALSE),"")

Sheet Config
A1: Brand | B1: Short form | D1: Bandar | E1: Bahagian | F1: Kod | G1: Kedai | I1: Kategori | K1: Kondisi | M1: Status
A2: Shimano | B2: SHI | D2: Tokyo | E2: Tokyo 03 | F2: TKY03 | G2: Kedai Shibuya | I2: Reel | K2: Baru | M2: DRAFT
A3: Daiwa | B3: DAI | D3: Tokyo | E3: Tokyo 03 | F3: TKY03 | G3: Kedai Ueno | I3: Rod | K3: Seperti baru | M3: AVAILABLE
A4: Megabass | B4: MEG | D4: Osaka | E4: Osaka 02 | F4: OSK02 | G4: Kedai Namba | I4: Lure | K4: Terpakai | M4: RESERVED
A5: Abu Garcia | B5: ABU | D5: Osaka | E5: Osaka 02 | F5: OSK02 | G5: Kedai Umeda | I5: Accessories | K5: Vintage | M5: SOLD
A6: Jackall | B6: JAC | I6: Spare part | M6: EXPIRED
A7: Evergreen | B7: EVE
A8: Others | B8: OTH
